cell_id,input_tokens,C,output_cap,S_PP_median_tps,D_native_median_tps,D_elapsed_median_tps,draft_accept_pct,accepted,drafted,confirmed_per_cycle_per_lane,D_B,D_R,S_TTFT_median_s,S_TTFT_max_s,S_full_wave_median_tps,S_peak_metal_GiB,D_peak_metal_GiB,S_n,D_n,S_status,D_status
2Ki-C1,2048,1,512,1033.823933117843,71.7099831310417,71.32461837142517,54.40601503759398,1809,3325,4.808421052631579,1,1,2.0943959999713115,2.1095574159990065,54.8757278451619,31.13458251953125,31.1339111328125,5,5,PASS,PASS
2Ki-C2,2048,2,512,1041.9873612677236,147.11506240653767,146.33535279936308,55.552751135790004,2201,3962,4.8886925795053005,2,2,3.3515167085279245,4.817219541990198,85.29957563737936,31.13458251953125,31.1339111328125,3,3,PASS,PASS
2Ki-C3,2048,3,512,992.6505045248138,176.09423138598717,175.29501553421696,55.811571940604196,3270,5859,4.906810035842294,3,3,4.822741000039969,7.2975749999750406,91.35925463346254,31.48321533203125,31.1339111328125,3,3,PASS,PASS
2Ki-C4,2048,4,512,992.4191848459303,218.87758114938228,217.9339583863603,53.27451645741432,6280,11788,4.729216152019003,4,4,5.924769104021834,10.121267416980118,100.98916205169662,32.11895751953125,31.3878173828125,5,5,PASS,PASS
8Ki-C1,8192,1,512,962.973198671818,68.91299774280162,68.55414665877508,52.41596638655462,998,1904,4.669117647058823,1,1,8.638038333971053,8.971964999975171,28.46296262296905,31.13458251953125,31.1339111328125,3,3,PASS,PASS
8Ki-C2,8192,2,512,875.969856192033,125.7763451738191,125.1681472839193,52.59978991596639,2003,3808,4.681985294117647,2,2,15.230075853993185,21.28374258300755,29.26292154722199,31.35528564453125,31.1339111328125,3,3,PASS,PASS
8Ki-C3,8192,3,512,877.9252724783046,157.341374700494,156.67849151266353,52.90810050957653,3011,5691,4.703567035670357,3,3,21.0729256659979,33.168751707999036,30.300918316496542,32.11798095703125,31.5694580078125,3,3,PASS,PASS
8Ki-C4,8192,4,512,877.7673214346838,205.06369900728632,204.21289457318076,53.65384615384615,3906,7280,4.755769230769231,4,4,26.744622979516862,45.30483216699213,30.974417468113604,32.88067626953125,32.1495361328125,3,3,PASS,PASS
32Ki-C1,32768,1,512,774.6634820627912,63.929150971014174,63.62131248070406,51.37614678899083,1176,2289,4.5963302752293576,1,1,42.49313550000079,42.54036254098173,10.143369017539014,31.35430908203125,31.1710205078125,3,3,PASS,PASS
32Ki-C2,32768,2,512,742.7515563726398,119.31214647906835,118.78801979719418,52.09116541353384,2217,4256,4.646381578947368,2,2,68.91346743801842,99.55674212501617,9.268960638239195,32.87872314453125,32.5128173828125,3,3,PASS,PASS
32Ki-C3,32768,3,512,728.3745149714917,140.7330356514799,140.21404770837236,53.016960208741025,3251,6132,4.711187214611872,3,3,96.55993933300488,156.5292223339784,9.085325905375512,34.07696533203125,33.8546142578125,3,3,PASS,PASS
32Ki-C4,32768,4,512,722.4668483255848,174.16003776851034,173.5438246844446,52.50733855185909,4293,8176,4.675513698630137,4,4,125.14139162498759,213.01577408303274,9.017502852252171,35.27520751953125,35.1964111328125,3,3,PASS,PASS
64Ki-C1,65536,1,512,669.2172783389823,68.39689140397738,68.08103988361762,55.839002267573704,985,1764,4.908730158730159,1,1,98.18543329200475,98.30517737497576,3.9904820112247905,32.36993408203125,32.1866455078125,3,3,PASS,PASS
64Ki-C2,65536,2,512,662.2907026568845,114.73411884953393,114.27147484184583,54.039812646370024,1846,3416,4.782786885245901,2,2,150.53588870802196,207.324647750007,3.789311592545829,34.90997314453125,34.5440673828125,3,3,PASS,PASS
64Ki-C3,65536,3,512,658.8040823665112,135.24407361585935,134.79347866183565,54.83106105512745,2775,5061,4.838174273858921,3,3,205.47126995801227,318.9965930839535,3.757307203892613,37.12384033203125,36.9014892578125,3,3,PASS,PASS
64Ki-C4,65536,4,512,655.2168416722631,157.41290915572813,156.93900903926215,54.475400118553644,3676,6748,4.813278008298755,4,4,260.60181047950755,430.5060748750111,3.772421602424691,39.33770751953125,39.2589111328125,3,3,PASS,PASS
128Ki-C1,131072,1,512,546.038384083821,53.66861771295643,53.435419465568785,50.369948776323284,885,1757,4.52589641434263,1,1,240.43432487500831,242.1978261669865,1.586511728112918,34.40118408203125,34.2178955078125,3,3,PASS,PASS
128Ki-C2,131072,2,512,525.949303547522,84.94432723353772,84.65239255386001,51.32275132275132,1552,3024,4.592592592592593,2,2,499.0207947494928,512.9264554160181,1.5215530739529717,38.97247314453125,38.6065673828125,3,3,PASS,PASS
128Ki-C3,131072,3,512,520.1240788624865,99.3228678980479,99.04057335862252,51.71650055370986,2335,4515,4.62015503875969,3,3,510.6123240829911,779.1422877499717,1.4233512641663382,43.54376220703125,42.9952392578125,3,3,PASS,PASS
128Ki-C4,131072,4,512,551.845169568891,122.3010300472933,121.99491801595342,52.59136212624584,3166,6020,4.681395348837209,4,4,731.878831271024,1023.2286694580107,1.4488036277571898,48.11505126953125,47.3839111328125,3,3,PASS,PASS
near256Ki-C1,261568,1,512,349.09895565993315,44.20985487966258,44.050245178341065,47.43935309973046,880,1855,4.320754716981132,1,1,749.9304666669923,753.1297031669528,0.47297543438214473,38.33673095703125,38.1534423828125,3,3,PASS,PASS
near256Ki-C2,261568,2,512,347.1680480017801,64.83491532852368,64.66060140119532,48.864894795127356,1765,3612,4.420542635658915,2,2,1507.9028168960358,1511.8799721669639,0.47780474211880153,46.97052001953125,46.6046142578125,3,3,PASS,PASS
near256Ki-C3,261568,3,512,385.4957605252294,78.2951942617484,78.10863199203519,48.953122104873074,2642,5397,4.426718547341116,3,3,1358.8646612919983,2051.4118434590055,0.5245667461326168,55.60430908203125,55.0557861328125,3,3,PASS,PASS
near256Ki-C4,261568,4,512,386.04968318606456,88.71606898648312,88.53801956079737,49.84410430839002,3517,7056,4.489087301587301,4,4,2047.1288910624862,2786.7832913330058,0.5141011275271743,64.23809814453125,63.5069580078125,3,3,PASS,PASS
